{
    "loss": 12.93753719329834,
    "accuracy": 0.5179855823516846
}