{
    "loss": 19.90652847290039,
    "accuracy": 0.5395683646202087
}