{
    "loss": 11.123761177062988,
    "accuracy": 0.5035971403121948
}